urls,title,details,channel,ytkey,hours,minutes,views,age_years,age_months,search_key
https://www.youtube.com/watch?v=xZbcMHiE7XM,Raag Yaman | Ustad Rashid Khan | Jashn-e-Rekhta 4th Edition 2017,"Raag Yaman | Ustad Rashid Khan | Jashn-e-Rekhta 4th Edition 2017 by Jashn-e-Rekhta 3 years ago 29 minutes 352,053 views",Jashn-e-Rekhta,xZbcMHiE7XM,0,29,352053,3,0,raag+yaman
https://www.youtube.com/watch?v=3kBuDppKJMQ,Raag YAMAN On FLUTE by Pt. Hariprasad Chaurasia,"Raag YAMAN On FLUTE by Pt. Hariprasad Chaurasia by Classical Music 4 years ago 43 minutes 742,493 views",Classical Music,3kBuDppKJMQ,0,43,742493,4,0,raag+yaman
https://www.youtube.com/watch?v=ed4SIvGjqNI,Divine Layakari | Raag Yaman | Ustad Shahid Parvez & Ojas Adhiya | Music of India,"Divine Layakari | Raag Yaman | Ustad Shahid Parvez & Ojas Adhiya | Music of India by darbarfestival 2 years ago 9 minutes, 43 seconds 1,268,726 views",darbarfestival,ed4SIvGjqNI,0,9,268726,2,0,raag+yaman
https://www.youtube.com/watch?v=q5trNs7M3MU,Zia Mohiuddin Dagar - Dhrupad - Raga Yaman,"Zia Mohiuddin Dagar - Dhrupad - Raga Yaman by rliesky56 7 years ago 1 hour, 10 minutes 1,774,300 views",rliesky56,q5trNs7M3MU,1,10,774300,7,0,raag+yaman
https://www.youtube.com/watch?v=mJ29lSvRKwk,"Raag Yaman Best In Flute | Healing Raga, Sleep and Beyond (Mandala)","Raag Yaman Best In Flute | Healing Raga, Sleep and Beyond (Mandala) by Seven Shot Studio 1 year ago 27 minutes 203,550 views",Seven Shot Studio,mJ29lSvRKwk,0,27,203550,1,0,raag+yaman
https://www.youtube.com/watch?v=KYyfvbayoSk,Lesson#57 - ‡§∞‡§æ‡§ó ‡§Ø‡§Æ‡§®- RAAG YAMAN ON HARMONIUM  || LEARN  || SONGS || VOCAL || KALYAN,"Lesson#57 - ‡§∞‡§æ‡§ó ‡§Ø‡§Æ‡§®- RAAG YAMAN ON HARMONIUM  || LEARN  || SONGS || VOCAL || KALYAN by SUR SANGAM 3 years ago 12 minutes, 36 seconds 424,876 views",SUR SANGAM,KYyfvbayoSk,0,12,424876,3,0,raag+yaman
https://www.youtube.com/watch?v=mDSnb_SZKxY,‡§∞‡§æ‡§ó ‡§Ø‡§Æ‡§® - Raag Yaman - Lesson 1 | ‡§™‡§∞‡§ø‡§ö‡§Ø ‡§Ü‡§∞‡•ã‡§π ‡§Ö‡§µ‡§∞‡•ã‡§π ‡§™‡§ï‡§°‡§º ‡§Ö‡§≤‡§æ‡§™ | Riyaz TV ‡•§ ‡§∞‡§ø‡§Ø‡§æ‡§ú‡§º ‡§ü‡•Ä‡§µ‡•Ä,"‡§∞‡§æ‡§ó ‡§Ø‡§Æ‡§® - Raag Yaman - Lesson 1 | ‡§™‡§∞‡§ø‡§ö‡§Ø ‡§Ü‡§∞‡•ã‡§π ‡§Ö‡§µ‡§∞‡•ã‡§π ‡§™‡§ï‡•ú ‡§Ö‡§≤‡§æ‡§™ | Riyaz TV ‡•§ ‡§∞‡§ø‡§Ø‡§æ‡§ú‡§º ‡§ü‡•Ä‡§µ‡•Ä by RiyazTV 1 year ago 6 minutes, 30 seconds 434,334 views",RiyazTV,mDSnb_SZKxY,0,6,434334,1,0,raag+yaman
https://www.youtube.com/watch?v=YeOcx1ox5gQ,Raag Yaman - Kaushiki Chakraborthy - 2015,"Raag Yaman - Kaushiki Chakraborthy - 2015 by H Noori 5 years ago 17 minutes 1,573,112 views",H Noori,YeOcx1ox5gQ,0,17,573112,5,0,raag+yaman
https://www.youtube.com/watch?v=25f1u2nOALg,"Pt Bhimsen Joshi  Raag,Yaman -  kahe sakhee kaiseke kariye & shyaama bajaaye aaja muraliyaa","Pt Bhimsen Joshi  Raag,Yaman -  kahe sakhee kaiseke kariye & shyaama bajaaye aaja muraliyaa by Raju Asokan 3 years ago 1 hour, 19 minutes 91,680 views",Raju Asokan,25f1u2nOALg,1,19,91680,3,0,raag+yaman
https://www.youtube.com/watch?v=-RUO64kbyHE,Raag Yaman (FULL) LIVE Rare HQ | Pt. Venkatesh Kumar | #VKPlaylist,"Raag Yaman (FULL) LIVE Rare HQ | Pt. Venkatesh Kumar | #VKPlaylist by Sugnan Dani - Indian Music 3 years ago 29 minutes 18,322 views",Sugnan Dani - Indian Music,-RUO64kbyHE,0,29,18322,3,0,raag+yaman
https://www.youtube.com/watch?v=hLoJY3tWR28,A memorable rendition by Pandit Sanjeev  Abhyankar - Raga Yaman -  Pandit Yogesh Samsi on tabla,"A memorable rendition by Pandit Sanjeev  Abhyankar - Raga Yaman -  Pandit Yogesh Samsi on tabla by MERU Concerts 2 years ago 44 minutes 51,978 views",MERU Concerts,hLoJY3tWR28,0,44,51978,2,0,raag+yaman
https://www.youtube.com/watch?v=RSba7WebiXo,Kishori Amonkar Raga Yaman,"Kishori Amonkar Raga Yaman by rliesky56 7 years ago 31 minutes 468,053 views",rliesky56,RSba7WebiXo,0,31,468053,7,0,raag+yaman
https://www.youtube.com/watch?v=viL-8iubNpE,Chote Surveer Finale | Yaman Medley | Mahesh Kale | ‡§õ‡•ã‡§ü‡•á ‡§∏‡•Ç‡§∞‡§µ‡•Ä‡§∞ | ‡§∏‡•Ç‡§∞ ‡§®‡§µ‡§æ ‡§ß‡•ç‡§Ø‡§æ‡§∏ ‡§®‡§µ‡§æ ‡§Æ‡§π‡•á‡§∂ ‡§ï‡§æ‡§≥‡•á | ‡§Ø‡§Æ‡§®,"Chote Surveer Finale | Yaman Medley | Mahesh Kale | ‡§õ‡•ã‡§ü‡•á ‡§∏‡•Ç‡§∞‡§µ‡•Ä‡§∞ | ‡§∏‡•Ç‡§∞ ‡§®‡§µ‡§æ ‡§ß‡•ç‡§Ø‡§æ‡§∏ ‡§®‡§µ‡§æ ‡§Æ‡§π‡•á‡§∂ ‡§ï‡§æ‡§≥‡•á | ‡§Ø‡§Æ‡§® by Mahesh Kale 8 months ago 16 minutes 2,009,597 views",Mahesh Kale,viL-8iubNpE,0,16,9597,0,8,raag+yaman
https://www.youtube.com/watch?v=tGBKs7swowk,Vilayat Khan  Raga Yaman,"Vilayat Khan  Raga Yaman by rliesky56 8 years ago 50 minutes 276,996 views",rliesky56,tGBKs7swowk,0,50,276996,8,0,raag+yaman
https://www.youtube.com/watch?v=V-xfQuttkYE,Raag Yaman,"Raag Yaman by Ch-02: SANSKRITI [Arts, History, Philosophy] 2 years ago 25 minutes 599,582 views","Ch-02: SANSKRITI [Arts, History, Philosophy]",V-xfQuttkYE,0,25,599582,2,0,raag+yaman
https://www.youtube.com/watch?v=bIFCrhptbxk,Pravin Godkhindi | Raag Yaman | Bansuri at Ravenna Festival | Music of India,"Pravin Godkhindi | Raag Yaman | Bansuri at Ravenna Festival | Music of India by darbarfestival 4 years ago 16 minutes 3,350,428 views",darbarfestival,bIFCrhptbxk,0,16,350428,4,0,raag+yaman
https://www.youtube.com/watch?v=7wYXEY4htDA,Sultan Khan  Raga Yaman,"Sultan Khan  Raga Yaman by rliesky56 9 years ago 1 hour, 3 minutes 580,079 views",rliesky56,7wYXEY4htDA,1,3,580079,9,0,raag+yaman
https://www.youtube.com/watch?v=DuaHd2dj10g,Raag Yaman and Bollywood songs (available with English Subtitles),"Raag Yaman and Bollywood songs (available with English Subtitles) by Anuja Kamat 4 years ago 8 minutes, 1 second 1,415,919 views",Anuja Kamat,DuaHd2dj10g,0,8,415919,4,0,raag+yaman
https://www.youtube.com/watch?v=UoymDZjTuC8,Rag Yaman /‡§∞‡§æ‡§ó ‡§Ø‡§Æ‡§®,"Rag Yaman /‡§∞‡§æ‡§ó ‡§Ø‡§Æ‡§® by NCERT OFFICIAL 5 years ago 8 minutes, 10 seconds 814,100 views",NCERT OFFICIAL,UoymDZjTuC8,0,8,814100,5,0,raag+yaman
https://www.youtube.com/watch?v=HINo5aiun5w,Ae Ri Aaali Piya Bin- Raag Yaman- Bhimsen Joshi,"Ae Ri Aaali Piya Bin- Raag Yaman- Bhimsen Joshi by ‡§∏‡§æ‡§Ç‡§ñ‡•ç‡§Ø ‡§µ‡•à‡§∂‡•á‡§∑‡§ø‡§ï 1 year ago 10 minutes, 1 second 107,447 views",‡§∏‡§æ‡§Ç‡§ñ‡•ç‡§Ø ‡§µ‡•à‡§∂‡•á‡§∑‡§ø‡§ï,HINo5aiun5w,0,10,107447,1,0,raag+yaman
https://www.youtube.com/watch?v=XaMW3iBoHfw,prabha atre-raag yaman,"prabha atre-raag yaman by katteprana 9 years ago 30 minutes 385,546 views",katteprana,XaMW3iBoHfw,0,30,385546,9,0,raag+yaman
https://www.youtube.com/watch?v=m1SkOi6q7Z0,Genius of Pandit Ram Deshpande | Raag Yaman Kalyan | Music of India,"Genius of Pandit Ram Deshpande | Raag Yaman Kalyan | Music of India by darbarfestival 1 year ago 6 minutes, 22 seconds 62,151 views",darbarfestival,m1SkOi6q7Z0,0,6,62151,1,0,raag+yaman
https://www.youtube.com/watch?v=e8aG2xNEcNs,Kaushiki Chakraborty || Raag Yaman ||,"Kaushiki Chakraborty || Raag Yaman || by Tasaouf Tazim 2 years ago 53 minutes 104,117 views",Tasaouf Tazim,e8aG2xNEcNs,0,53,104117,2,0,raag+yaman
https://www.youtube.com/watch?v=zz1BmECOoCk,"Raag Yaman | ‡§Ø‡§Æ‡§® | ‡§ê ‡§∞‡•Ä ‡§Ü‡§≤‡•Ä ‡§™‡§ø‡§Ø‡§æ ‡§¨‡§ø‡§® | Beginners | Pt Kuldeep Sagar | Alaap Music Academy, Chennai.","Raag Yaman | ‡§Ø‡§Æ‡§® | ‡§ê ‡§∞‡•Ä ‡§Ü‡§≤‡•Ä ‡§™‡§ø‡§Ø‡§æ ‡§¨‡§ø‡§® | Beginners | Pt Kuldeep Sagar | Alaap Music Academy, Chennai. by Alaap Music Academy Chennai 6 years ago 6 minutes, 51 seconds 1,339,931 views",Alaap Music Academy Chennai,zz1BmECOoCk,0,6,339931,6,0,raag+yaman
https://www.youtube.com/watch?v=VmOvwFvkVao,Raga Yaman- Shubha Mudgal (Album: Maestro's Choice ),"Raga Yaman- Shubha Mudgal (Album: Maestro's Choice ) by Music Today 5 years ago 32 minutes 146,293 views",Music Today,VmOvwFvkVao,0,32,146293,5,0,raag+yaman
https://www.youtube.com/watch?v=FTXP7niGcOs,Lesson 9: Raag Yaman Introduction | ‡§∞‡§æ‡§ó ‡§Ø‡§Æ‡§® ‡§™‡§∞‡§ø‡§ö‡§Ø | Indian Classical Lessons | Bidisha Ghosh,"Lesson 9: Raag Yaman Introduction | ‡§∞‡§æ‡§ó ‡§Ø‡§Æ‡§® ‡§™‡§∞‡§ø‡§ö‡§Ø | Indian Classical Lessons | Bidisha Ghosh by Bidisha Ghosh 11 months ago 16 minutes 77,775 views",Bidisha Ghosh,FTXP7niGcOs,0,16,77775,0,11,raag+yaman
https://www.youtube.com/watch?v=oSEuCJSnu94,Raag Yaman - Ustad Rashid Khan,"Raag Yaman - Ustad Rashid Khan by Gems in Music 8 years ago 19 minutes 850,693 views",Gems in Music,oSEuCJSnu94,0,19,850693,8,0,raag+yaman
https://www.youtube.com/watch?v=p-ijCe1xRWQ,Pandit Ravi Shankar - sitar - Raga Yaman Kalyan - 1974,"Pandit Ravi Shankar - sitar - Raga Yaman Kalyan - 1974 by Agni Parvata 5 years ago 25 minutes 1,111,568 views",Agni Parvata,p-ijCe1xRWQ,0,25,111568,5,0,raag+yaman
https://www.youtube.com/watch?v=pUYyw5YuD1k,"Raag Yaman, Ustad Sultan Khan, Sarangi","Raag Yaman, Ustad Sultan Khan, Sarangi by Rahul Kant 9 years ago 27 minutes 326,435 views",Rahul Kant,pUYyw5YuD1k,0,27,326435,9,0,raag+yaman
https://www.youtube.com/watch?v=-FtnM_-__lQ,Learn Raag Yaman (Introduction) | Important Lesson for all Beginners | Indian Music ART,"Learn Raag Yaman (Introduction) | Important Lesson for all Beginners | Indian Music ART by Indian Music ART 2 years ago 18 minutes 190,373 views",Indian Music ART,-FtnM_-__lQ,0,18,190373,2,0,raag+yaman
https://www.youtube.com/watch?v=JKZhsbFh7vs,Eri Aali (Yaman): Bengaluru Labs | Best of Indian Classical Music,"Eri Aali (Yaman): Bengaluru Labs | Best of Indian Classical Music by Raga Labs 5 years ago 14 minutes, 22 seconds 823,712 views",Raga Labs,JKZhsbFh7vs,0,14,823712,5,0,raag+yaman
https://www.youtube.com/watch?v=ukAlGxy4pGk,RAAG YAMAN MEDELY BY | JAVED ALI | CLASSICAL KHAZANA FESTIVAL 2019,"RAAG YAMAN MEDELY BY | JAVED ALI | CLASSICAL KHAZANA FESTIVAL 2019 by MESMERIZING MELODIES 2 years ago 12 minutes, 25 seconds 514,401 views",MESMERIZING MELODIES,ukAlGxy4pGk,0,12,514401,2,0,raag+yaman
https://www.youtube.com/watch?v=QYZAtJAV1xU,Raag Yaman,"Raag Yaman by cec 6 years ago 52 minutes 219,564 views",cec,QYZAtJAV1xU,0,52,219564,6,0,raag+yaman
https://www.youtube.com/watch?v=JCe1sJIhkYA,"‡§∞‡§æ‡§ó ‡§Ø‡§Æ‡§® - Raag Yaman - Lesson 2 | ‡§¨‡§Ç‡§¶‡§ø‡§∂ ( ‡§ê ‡§∞‡•Ä ‡§Ü‡§≤‡•Ä ), ‡§Ü‡§≤‡§æ‡§™, ‡§§‡§æ‡§® Hindi & English-Riyaz TV-‡§∞‡§ø‡§Ø‡§æ‡§ú‡§º ‡§ü‡•Ä‡§µ‡•Ä","‡§∞‡§æ‡§ó ‡§Ø‡§Æ‡§® - Raag Yaman - Lesson 2 | ‡§¨‡§Ç‡§¶‡§ø‡§∂ ( ‡§ê ‡§∞‡•Ä ‡§Ü‡§≤‡•Ä ), ‡§Ü‡§≤‡§æ‡§™, ‡§§‡§æ‡§® Hindi & English-Riyaz TV-‡§∞‡§ø‡§Ø‡§æ‡§ú‡§º ‡§ü‡•Ä‡§µ‡•Ä by RiyazTV 1 year ago 10 minutes 705,036 views",RiyazTV,JCe1sJIhkYA,0,10,705036,1,0,raag+yaman
https://www.youtube.com/watch?v=4Q35cCze1rY,Kaushiki Chakraborty with son rishith play tabla raag yaman,"Kaushiki Chakraborty with son rishith play tabla raag yaman by SOULFUL RAAG 8 months ago 5 minutes, 34 seconds 51,081 views",SOULFUL RAAG,4Q35cCze1rY,0,5,51081,0,8,raag+yaman
https://www.youtube.com/watch?v=BRPvwWA1ezk,"Aryya Banik, Raag Yaman","Aryya Banik, Raag Yaman by Sangeet Piyasi 3 years ago 7 minutes, 59 seconds 384,063 views",Sangeet Piyasi,BRPvwWA1ezk,0,7,384063,3,0,raag+yaman
https://www.youtube.com/watch?v=IpHt9pKfMgM,Eri aali piya bin - Pt. Ajoy Chakraborty || Raag Yaman ||,"Eri aali piya bin - Pt. Ajoy Chakraborty || Raag Yaman || by Narsee Sangeet 8 months ago 5 minutes, 41 seconds 20,687 views",Narsee Sangeet,IpHt9pKfMgM,0,5,20687,0,8,raag+yaman
https://www.youtube.com/watch?v=NqPybofsbfk,Ustad Shahid Parvez Khan - Raag  Yaman Kalyan -1992,"Ustad Shahid Parvez Khan - Raag  Yaman Kalyan -1992 by Diwan Singh 1 year ago 47 minutes 1,713 views",Diwan Singh,NqPybofsbfk,0,47,1713,1,0,raag+yaman
https://www.youtube.com/watch?v=N3Hchk6ymIA,Learn to live Raag Yaman | Raag Yaman ko sajana seekho | Very effective for light & Classical vocals,"Learn to live Raag Yaman | Raag Yaman ko sajana seekho | Very effective for light & Classical vocals by SIDDHANT PRUTHI 1 year ago 17 minutes 33,339 views",SIDDHANT PRUTHI,N3Hchk6ymIA,0,17,33339,1,0,raag+yaman
https://www.youtube.com/watch?v=uWps1SEaTtc,Raag Yaman..Ustad Nusrat Fateh Ali,"Raag Yaman..Ustad Nusrat Fateh Ali by Majid Nazir 5 years ago 2 minutes, 16 seconds 26,386 views",Majid Nazir,uWps1SEaTtc,0,2,26386,5,0,raag+yaman
https://www.youtube.com/watch?v=_9G1BZNwnPw,Raag Yaman - Introduction -  Part 1 - Hindustani Vocal - Lesson 33,"Raag Yaman - Introduction -  Part 1 - Hindustani Vocal - Lesson 33 by OctavesOnline 1 year ago 8 minutes, 55 seconds 6,246 views",OctavesOnline,_9G1BZNwnPw,0,8,6246,1,0,raag+yaman
https://www.youtube.com/watch?v=isU7vcWBVLA,Vidushi Kaushiki Chakraborty Hindustani Vocal | Tarana in Raag Yaman |,"Vidushi Kaushiki Chakraborty Hindustani Vocal | Tarana in Raag Yaman | by Versatile Indian 1 year ago 5 minutes, 20 seconds 66,211 views",Versatile Indian,isU7vcWBVLA,0,5,66211,1,0,raag+yaman
https://www.youtube.com/watch?v=ZcTRW6pdB0o,‡§∞‡§æ‡§ó ‡§Ø‡§Æ‡§® ‡§Ö‡§≠‡•ç‡§Ø‡§æ‡§∏ ‡§≠‡§æ‡§ó - ‡•ß || Harmonium Lesson 9 || Raag Yaman Part - 1,"‡§∞‡§æ‡§ó ‡§Ø‡§Æ‡§® ‡§Ö‡§≠‡•ç‡§Ø‡§æ‡§∏ ‡§≠‡§æ‡§ó - ‡•ß || Harmonium Lesson 9 || Raag Yaman Part - 1 by Sangeetamrit 3 years ago 11 minutes, 9 seconds 111,632 views",Sangeetamrit,ZcTRW6pdB0o,0,11,111632,3,0,raag+yaman
https://www.youtube.com/watch?v=pBATYi6gIB8,Raag Yaman  - Vasantrao Deshpande,"Raag Yaman  - Vasantrao Deshpande by Suraj Wan 6 years ago 20 minutes 8,852 views",Suraj Wan,pBATYi6gIB8,0,20,8852,6,0,raag+yaman
https://www.youtube.com/watch?v=SkICjDDwswI,Raag Yaman | Vidushi Kala Ramnath | Hindustani Classical Violin | Part 1/3,"Raag Yaman | Vidushi Kala Ramnath | Hindustani Classical Violin | Part 1/3 by Komal Nishad Classical Music 1 year ago 1 hour, 15 minutes 5,974 views",Komal Nishad Classical Music,SkICjDDwswI,1,15,5974,1,0,raag+yaman
https://www.youtube.com/watch?v=cVWCSVRXo2o,Raag - Yaman Kalyan || Learn On Harmonium ||,"Raag - Yaman Kalyan || Learn On Harmonium || by Harmonium Guru 3 years ago 10 minutes, 43 seconds 600,514 views",Harmonium Guru,cVWCSVRXo2o,0,10,600514,3,0,raag+yaman
https://www.youtube.com/watch?v=fPxqU6Aet-k,"Raag Yaman (live) - Gandhar Bhalerao (Flute) - Aalap, Jod and Gat in Rupak taal, Teentaal and Ektaal","Raag Yaman (live) - Gandhar Bhalerao (Flute) - Aalap, Jod and Gat in Rupak taal, Teentaal and Ektaal by Gandhar Bhalerao 1 year ago 37 minutes 12,504 views",Gandhar Bhalerao,fPxqU6Aet-k,0,37,12504,1,0,raag+yaman
https://www.youtube.com/watch?v=Ah3X8eDtPMI,Raga Yaman - Lesson 1,"Raga Yaman - Lesson 1 by Dr. Chamila Nishanthi Edward 2 years ago 21 minutes 17,247 views",Dr. Chamila Nishanthi Edward,Ah3X8eDtPMI,0,21,17247,2,0,raag+yaman
https://www.youtube.com/watch?v=qPRBM6pbmFg,Lesson 16 - Learn Raag Aiman/Yaman with Easy Harmonium Guide,"Lesson 16 - Learn Raag Aiman/Yaman with Easy Harmonium Guide by Easy Harmonium Guide 1 year ago 10 minutes, 17 seconds 19,831 views",Easy Harmonium Guide,qPRBM6pbmFg,0,10,19831,1,0,raag+yaman
https://www.youtube.com/watch?v=dTX7BjZRKWo,SHYAM SAJANI SHARAD RAJANI |RAGA:YAMAN |TAAL:CHOTAAL |‡§∏‡•á‡§® ‡§¶‡§∞‡•ç‡§∂‡§® |‡§™‡•Å‡§∑‡•ç‡§ü‡§ø ‡§ï‡•Ä‡§∞‡•ç‡§§‡§® ‡§®‡§ø‡§ß‡§ø|,"SHYAM SAJANI SHARAD RAJANI |RAGA:YAMAN |TAAL:CHOTAAL |‡§∏‡•á‡§® ‡§¶‡§∞‡•ç‡§∂‡§® |‡§™‡•Å‡§∑‡•ç‡§ü‡§ø ‡§ï‡•Ä‡§∞‡•ç‡§§‡§® ‡§®‡§ø‡§ß‡§ø| by Pushti Kirtan Nidhi Official 15 hours ago 6 minutes, 45 seconds 13 views",Pushti Kirtan Nidhi Official,dTX7BjZRKWo,15,6,13,0,0,raag+yaman
https://www.youtube.com/watch?v=LFqecIHo7JM,Raga Yaman Tutorial  |  By Dhara Bakshi,"Raga Yaman Tutorial  |  By Dhara Bakshi by Swar Matters 1 year ago 9 minutes, 18 seconds 1,959 views",Swar Matters,LFqecIHo7JM,0,9,1959,1,0,raag+yaman
https://www.youtube.com/watch?v=78q8NBZKJ7E,Yaman | Bandish and Tarana | By Anjali and Nandini gaikwad,"Yaman | Bandish and Tarana | By Anjali and Nandini gaikwad by Anjali and Nandini Gaikwad official 11 months ago 9 minutes, 10 seconds 476,829 views",Anjali and Nandini Gaikwad official,78q8NBZKJ7E,0,9,476829,0,11,raag+yaman
https://www.youtube.com/watch?v=LdVe2w5kQ3k,How to sing Raag Yaman |raag yaman gaibar niyam |Babli Biswas |vocal tutorial,"How to sing Raag Yaman |raag yaman gaibar niyam |Babli Biswas |vocal tutorial by Babli Biswas 1 month ago 13 minutes, 58 seconds 12,563 views",Babli Biswas,LdVe2w5kQ3k,0,13,12563,0,1,raag+yaman
https://www.youtube.com/watch?v=KVfz7GCp7x8,Ae Ri Ali Piya Bin | Raag Yaman | Antara Nandy ft Arjit Agarwal,"Ae Ri Ali Piya Bin | Raag Yaman | Antara Nandy ft Arjit Agarwal by ANTARA NANDY 3 years ago 3 minutes, 31 seconds 705,545 views",ANTARA NANDY,KVfz7GCp7x8,0,3,705545,3,0,raag+yaman
https://www.youtube.com/watch?v=ZGoeDxYU-Q0,Raag Yaman Female Voice Tutorial [Bandish- Piya ki Najariya),"Raag Yaman Female Voice Tutorial [Bandish- Piya ki Najariya) by Richa Shukla 3 years ago 6 minutes, 52 seconds 92,770 views",Richa Shukla,ZGoeDxYU-Q0,0,6,92770,3,0,raag+yaman
https://www.youtube.com/watch?v=Kil0ovPexDY,Pandit Samaresh Chowdhury  Raag Yaman with Pandit Ananda Gopal Bandopadhyay & Usd Mehfooz Khan,"Pandit Samaresh Chowdhury  Raag Yaman with Pandit Ananda Gopal Bandopadhyay & Usd Mehfooz Khan by PRANGOPAL BANDOPADHYAY 2 years ago 27 minutes 2,357 views",PRANGOPAL BANDOPADHYAY,Kil0ovPexDY,0,27,2357,2,0,raag+yaman
https://www.youtube.com/watch?v=cl6qiJ_TXCg,Raag Yaman based film songs on Flute F base Episode-1,"Raag Yaman based film songs on Flute F base Episode-1 by Parvvesh Singh Jamwal 2 weeks ago 11 minutes, 33 seconds 129 views",Parvvesh Singh Jamwal,cl6qiJ_TXCg,0,11,129,0,0,raag+yaman
https://www.youtube.com/watch?v=Amts1wzV2XE,Raag Yaman | Begum Parveen Sultana | Hindustani Classical Vocal | Part 1/8,Raag Yaman | Begum Parveen Sultana | Hindustani Classical Vocal | Part 1/8 by Komal Nishad Classical Music 3 months ago 36 minutes 714 views,Komal Nishad Classical Music,Amts1wzV2XE,0,36,714,0,3,raag+yaman
https://www.youtube.com/watch?v=Bad7pPuntuw,Raag Yaman - Alap Jod Jhala | Pt. Buddhaditya Mukherjee | Hindustani Classical Sitar | Part 1/4,Raag Yaman - Alap Jod Jhala | Pt. Buddhaditya Mukherjee | Hindustani Classical Sitar | Part 1/4 by Komal Nishad Classical Music 2 months ago 50 minutes 747 views,Komal Nishad Classical Music,Bad7pPuntuw,0,50,747,0,2,raag+yaman
https://www.youtube.com/watch?v=toF4a4ajLvo,Raag Yaman | Ari E Ri aali Piya bin with bol Alaap and Taan,"Raag Yaman | Ari E Ri aali Piya bin with bol Alaap and Taan by Richa Shukla 9 months ago 8 minutes, 7 seconds 6,147 views",Richa Shukla,toF4a4ajLvo,0,8,6147,0,9,raag+yaman
https://www.youtube.com/watch?v=yxUkWiVE_Yw,Smt. Gauri Pathare | Raag Yaman,"Smt. Gauri Pathare | Raag Yaman by Ruturaj 2 years ago 57 minutes 3,363 views",Ruturaj,yxUkWiVE_Yw,0,57,3363,2,0,raag+yaman
https://www.youtube.com/watch?v=FIudr8h-WmQ,Raag Yaman | ‡§∏‡§ñ‡•Ä ‡§è ‡§∞‡•Ä ‡§Ø‡§æ‡§≤‡•Ä ‡§™‡§ø‡§Ø‡§æ ‡§¨‡§ø‡§® -  Pandit  Rajan Sajan Mishra,"Raag Yaman | ‡§∏‡§ñ‡•Ä ‡§è ‡§∞‡•Ä ‡§Ø‡§æ‡§≤‡•Ä ‡§™‡§ø‡§Ø‡§æ ‡§¨‡§ø‡§® -  Pandit  Rajan Sajan Mishra by Atul Kumar Rai 5 years ago 9 minutes, 36 seconds 269,394 views",Atul Kumar Rai,FIudr8h-WmQ,0,9,269394,5,0,raag+yaman
https://www.youtube.com/watch?v=JW63tSNV6Q8,Pt. Mohan darekar | Raag Yaman | Vocal | Indian Classical Music | Swarazankar |,"Pt. Mohan darekar | Raag Yaman | Vocal | Indian Classical Music | Swarazankar | by SwaraZankar  1 week ago 7 minutes, 50 seconds 70 views",SwaraZankar,JW63tSNV6Q8,0,7,70,0,0,raag+yaman
https://www.youtube.com/watch?v=0S4cXcv5N8c,üåπAe Ri Aali Bandish NotationüåπRaga Yaman üåπSargam Zoneüåπ,"üåπAe Ri Aali Bandish NotationüåπRaga Yaman üåπSargam Zoneüåπ by Sargam Zone 1 year ago 6 minutes, 12 seconds 148,938 views",Sargam Zone,0S4cXcv5N8c,0,6,148938,1,0,raag+yaman
https://www.youtube.com/watch?v=paRoxGAXxEs,"Raag Yaman, Pandit Bharat Bhushan Goswami, Sarangi","Raag Yaman, Pandit Bharat Bhushan Goswami, Sarangi by Rahul Kant 10 years ago 10 minutes, 50 seconds 5,527 views",Rahul Kant,paRoxGAXxEs,0,10,5527,10,0,raag+yaman
https://www.youtube.com/watch?v=35aSQbcbtik,Osman Mir : Aaj Jaane Ki Zid na Karo : Raag Yaman Kalyan,"Osman Mir : Aaj Jaane Ki Zid na Karo : Raag Yaman Kalyan by MusiKosh 5 years ago 12 minutes, 57 seconds 62,788 views",MusiKosh,35aSQbcbtik,0,12,62788,5,0,raag+yaman
https://www.youtube.com/watch?v=86YSadRTMPA,Lesson 11: Raag Yaman Bandish | ‡§∞‡§æ‡§ó ‡§Ø‡§Æ‡§® ‡§¨‡§Ç‡§¶‡§ø‡§∂ | Indian Classical Lessons | Bidisha Ghosh,"Lesson 11: Raag Yaman Bandish | ‡§∞‡§æ‡§ó ‡§Ø‡§Æ‡§® ‡§¨‡§Ç‡§¶‡§ø‡§∂ | Indian Classical Lessons | Bidisha Ghosh by Bidisha Ghosh 10 months ago 16 minutes 46,740 views",Bidisha Ghosh,86YSadRTMPA,0,16,46740,0,10,raag+yaman
https://www.youtube.com/watch?v=-nAT0fB_v5s,"""Taan"" in ""Raag Yaman"" ‡§∞‡§æ‡§ó ‡§Ø‡§Æ‡§® ‡§ï‡•Ä ‡§§‡§æ‡§®‡•á  | Hindustani Classical Vocal Lesson #20 By Mayoor Chaudhary","""Taan"" in ""Raag Yaman"" ‡§∞‡§æ‡§ó ‡§Ø‡§Æ‡§® ‡§ï‡•Ä ‡§§‡§æ‡§®‡•á  | Hindustani Classical Vocal Lesson #20 By Mayoor Chaudhary by Mayoor Chaudhary 5 months ago 6 minutes, 24 seconds 8,694 views",Mayoor Chaudhary,-nAT0fB_v5s,0,6,8694,0,5,raag+yaman
https://www.youtube.com/watch?v=3qEjfCLktSs,Raag Yaman | #FluteRecital | Pt. Ronu Majumdar | #BihaanMusic,"Raag Yaman | #FluteRecital | Pt. Ronu Majumdar | #BihaanMusic by Bihaan Music 2 years ago 12 minutes, 28 seconds 1,239 views",Bihaan Music,3qEjfCLktSs,0,12,1239,2,0,raag+yaman
https://www.youtube.com/watch?v=HHifPpJrDTE,Vidushi Smt Veena Sahasrabuddhe-  Raag Yaman,"Vidushi Smt Veena Sahasrabuddhe-  Raag Yaman by Raju Asokan 3 years ago 1 hour, 3 minutes 16,333 views",Raju Asokan,HHifPpJrDTE,1,3,16333,3,0,raag+yaman
https://www.youtube.com/watch?v=VozzGFndGu8,Raag Yaman - Aalap Jod Jaala,"Raag Yaman - Aalap Jod Jaala by Guru Prasad 5 years ago 22 minutes 16,060 views",Guru Prasad,VozzGFndGu8,0,22,16060,5,0,raag+yaman
https://www.youtube.com/watch?v=DbCpqbSEDE4,Raag Yaman ft. Avik Dutta | Hindustani Classical Music | Folk Studio Song 2019,"Raag Yaman ft. Avik Dutta | Hindustani Classical Music | Folk Studio Song 2019 by Folk Studio Bangla 2 years ago 9 minutes, 49 seconds 72,888 views",Folk Studio Bangla,DbCpqbSEDE4,0,9,72888,2,0,raag+yaman
https://www.youtube.com/watch?v=qAQ6jhNYcgQ,Raag Yaman- Drut Ektal,"Raag Yaman- Drut Ektal by Ava_Flute 1 year ago 4 minutes, 13 seconds 1,043 views",Ava_Flute,qAQ6jhNYcgQ,0,4,1043,1,0,raag+yaman
https://www.youtube.com/watch?v=b52y2zWoJYc,Raag Yaman by Dr Varada Godbole,"Raag Yaman by Dr Varada Godbole by Dr Varada Godbole 9 months ago 10 minutes, 26 seconds 457 views",Dr Varada Godbole,b52y2zWoJYc,0,10,457,0,9,raag+yaman
https://www.youtube.com/watch?v=z0uUuQxOyL0,Eri Ali Piya Bin | Jazz Fusion| Raag Yaman | Ft. Tejashree & Jaju,"Eri Ali Piya Bin | Jazz Fusion| Raag Yaman | Ft. Tejashree & Jaju by Tj Shri 5 years ago 3 minutes, 43 seconds 216,619 views",Tj Shri,z0uUuQxOyL0,0,3,216619,5,0,raag+yaman
https://www.youtube.com/watch?v=GBkmA9E0_tc,Piya Ki Najariya Jadu Vari | New Song | Rathijeet and Rupsa | Rajnandini | Raag Yaman,"Piya Ki Najariya Jadu Vari | New Song | Rathijeet and Rupsa | Rajnandini | Raag Yaman by D.Sudhir Productions 2 years ago 5 minutes, 21 seconds 138,683 views",D.Sudhir Productions,GBkmA9E0_tc,0,5,138683,2,0,raag+yaman
https://www.youtube.com/watch?v=9B06nf9NqSc,Mori Gagar Na - Raag Yaman,"Mori Gagar Na - Raag Yaman by Gulshan Tandon - Topic 7 minutes, 20 seconds 2,055 views",Gulshan Tandon - Topic,9B06nf9NqSc,0,7,2055,0,0,raag+yaman
https://www.youtube.com/watch?v=kEJljAvnGwo,‡§∞‡§æ‡§ó ‡§Ø‡§Æ‡§® ‡§¨‡§Ç‡§¶‡§ø‡§∂ ‡•§‡§∏‡§¶‡§æ ‡§∂‡§ø‡§µ ‡§≠‡§ú ‡§Æ‡§æ‡§®‡§æ ‡•§‡•§  Raag yaman ‡•§‡•§,"‡§∞‡§æ‡§ó ‡§Ø‡§Æ‡§® ‡§¨‡§Ç‡§¶‡§ø‡§∂ ‡•§‡§∏‡§¶‡§æ ‡§∂‡§ø‡§µ ‡§≠‡§ú ‡§Æ‡§æ‡§®‡§æ ‡•§‡•§  Raag yaman ‡•§‡•§ by Shiva Bhatt Official 1 year ago 6 minutes, 41 seconds 6,881 views",Shiva Bhatt Official,kEJljAvnGwo,0,6,6881,1,0,raag+yaman
https://www.youtube.com/watch?v=A8VfvU67dNQ,Raag Yaman by PT. Nath Neralkar,"Raag Yaman by PT. Nath Neralkar by Hema Upasani's The Sopranos School Of Music 2 years ago 50 minutes 4,058 views",Hema Upasani's The Sopranos School Of Music,A8VfvU67dNQ,0,50,4058,2,0,raag+yaman
https://www.youtube.com/watch?v=-flZ0TRA_JM,In-depth Raag Yaman Improvisation Lesson - Indian Classical Guitar Academy - clips,"In-depth Raag Yaman Improvisation Lesson - Indian Classical Guitar Academy - clips by Jack Jennings - Indian Classical Guitar Academy 7 months ago 10 minutes, 25 seconds 461 views",Jack Jennings - Indian Classical Guitar Academy,-flZ0TRA_JM,0,10,461,0,7,raag+yaman
https://www.youtube.com/watch?v=s8mUEOzPzw4,Piya ki Najaria Jadu Bhari notations in Harmonium | Raag Yaman | Puja Ghosh,"Piya ki Najaria Jadu Bhari notations in Harmonium | Raag Yaman | Puja Ghosh by SUR SADHNA 3 years ago 9 minutes, 5 seconds 9,990 views",SUR SADHNA,s8mUEOzPzw4,0,9,9990,3,0,raag+yaman
https://www.youtube.com/watch?v=utrAcCr9exA,Raga Yaman | Tu Jag Mein Sharam Rakh Meri | Mahesh Kale Concert | Milpitas,"Raga Yaman | Tu Jag Mein Sharam Rakh Meri | Mahesh Kale Concert | Milpitas by Mahesh Kale 1 week ago 30 minutes 21,581 views",Mahesh Kale,utrAcCr9exA,0,30,21581,0,0,raag+yaman
https://www.youtube.com/watch?v=4gpT-h_aXBQ,Pt.kaivalyakumar Gurav | Raag Yaman |,"Pt.kaivalyakumar Gurav | Raag Yaman | by Pt. Kaivalyakumar Gurav Official 11 months ago 30 minutes 8,893 views",Pt. Kaivalyakumar Gurav Official,4gpT-h_aXBQ,0,30,8893,0,11,raag+yaman
https://www.youtube.com/watch?v=5QfVTUPMHDg,"Raga Yaman (Mera Mann Bandh Leeno, Vilambit In Ektaal)","Raga Yaman (Mera Mann Bandh Leeno, Vilambit In Ektaal) by Shubha Mudgal - Topic 33 minutes 14,388 views",Shubha Mudgal - Topic,5QfVTUPMHDg,0,33,14388,0,0,raag+yaman
https://www.youtube.com/watch?v=57rEza8v1hM,Clarinet by Bandu. S. Jadhao Raag Yaman & Sivaranjani,"Clarinet by Bandu. S. Jadhao Raag Yaman & Sivaranjani by Samaya kumar Srinivasan 4 years ago 29 minutes 48,163 views",Samaya kumar Srinivasan,57rEza8v1hM,0,29,48163,4,0,raag+yaman
https://www.youtube.com/watch?v=kz0wJnC4lqc,Ustad rashid khan online classes raag yaman new class join,"Ustad rashid khan online classes raag yaman new class join by SOULFUL RAAG 2 months ago 47 minutes 86,640 views",SOULFUL RAAG,kz0wJnC4lqc,0,47,86640,0,2,raag+yaman
https://www.youtube.com/watch?v=W2sAHsebR5k,Raag Yaman,"Raag Yaman by Sahaja Gyan 3 years ago 6 minutes, 47 seconds 9,873 views",Sahaja Gyan,W2sAHsebR5k,0,6,9873,3,0,raag+yaman
https://www.youtube.com/watch?v=n777fD3QZ0c,Gaayiye Ganapti jag Vandan . Ganesh vandana Notation( in Raag Yaman ).Lesson#52 by Sanjay Das.,"Gaayiye Ganapti jag Vandan . Ganesh vandana Notation( in Raag Yaman ).Lesson#52 by Sanjay Das. by Seeta Savitri Musical Institute 8 months ago 11 minutes, 2 seconds 2,647 views",Seeta Savitri Musical Institute,n777fD3QZ0c,0,11,2647,0,8,raag+yaman
